row_number,repeats,dropna orig,dropna old,dropna new,join orig,join old,join new,one-hot orig,one-hot old,one-hot new
1000,10,0.0022604672999996466,0.009160807600000709,0.003043167300000249,0.001712242299998934,0.019403511800000217,0.007449516500000896,0.0009779734999995071,0.0032199966000000303,0.0010827191000004177
10000,10,0.00260834570000128,0.0316050765000007,0.00647069259999924,0.005991707800000512,0.09785960430000103,0.02103434400000026,0.003026299199999727,0.0194393041000005,0.0031188184999990654
100000,10,0.01723598989999999,0.3035911297000006,0.039912398499998857,0.022168397300000465,0.8007409408000001,0.11934299799999763,0.022074895000001503,0.18787077230000052,0.020450175800000636
