row_number,repeats,dropna orig,dropna old,dropna new,join orig,join old,join new,one-hot orig,one-hot old,one-hot new
1000,30,0.001664287499999754,0.008351700066666723,0.0032967897333338195,0.0016593359666657649,0.020315326566667125,0.0043353992666669205,0.00093047393333426,0.003097358666666139,0.0006372203666664689
10000,30,0.0026809179666668586,0.02940177253333379,0.005532116199999612,0.0034647538333333707,0.08967731876666676,0.008682510666665876,0.002015290166666498,0.01758584956666714,0.0024649665999994853
100000,30,0.02002612530000031,0.25386836759999837,0.03171329573333186,0.026549383733333324,0.8294732145333322,0.050651306400000824,0.016152194433334443,0.17990845856666718,0.01682311589999775
