row_number,repeats,dropna orig,dropna old,dropna new,join orig,join old,join new,one-hot orig,one-hot old,one-hot new
1000,30,0.001504602866666686,0.009884844700000098,0.005209745966666694,0.0034499844333332713,0.023047163166666558,0.005482982300000039,0.0006463264333332812,0.002450495666666767,0.0006843496999999903
10000,30,0.0027159686000000367,0.027220131633333425,0.005002324200000174,0.0037136965666665724,0.0967429519999999,0.0134169576666667,0.0024736134666661987,0.017843725700000115,0.0022301938666661413
100000,30,0.015481135566666755,0.27091038403333234,0.036428619500000536,0.02177325299999874,0.7573618459333347,0.10549552723333117,0.017271257066663756,0.1715620224000001,0.016767888900001065
1000000,30,0.16003574793333636,2.4594489409999927,0.3625481807666669,0.3949845145666624,8.159227303233349,1.459359840200015,0.16900182480001907,1.6673071385666465,0.18169917073330452
