row_number,repeats,dropna orig,dropna old,dropna new,join orig,join old,join new,one-hot orig,one-hot old,one-hot new
1000,30,0.001141431899999971,0.007663704466666576,0.0023023476333333902,0.001454084400000107,0.015946707000000043,0.0038043223000000146,0.0005980545333333254,0.002160027766666624,0.0006370476666666866
10000,30,0.003236165133333498,0.024472248966666634,0.004035447400000081,0.003048134600000137,0.06399581689999957,0.006295620200000348,0.001859775366666483,0.013615383233333134,0.0018230275333335063
100000,30,0.015155863433333394,0.22977693363333268,0.025021553133332475,0.018849930100000734,0.735136253233334,0.04073568026666503,0.014801645066665021,0.15893657656666846,0.01488383906666589
1000000,30,0.1524615831333392,2.2708960731999923,0.2567738690999818,0.3711550608333141,8.296903209866684,0.6104886067000053,0.1691212785999975,1.5117998842666567,0.17248499836665968
