row_number,repeats,dropna orig,dropna old,dropna new,join orig,join old,join new,one-hot orig,one-hot old,one-hot new
1000,10,0.0020104255999999323,0.00986289259999995,0.004460896700000027,0.0028485419000000346,0.04015419020000004,0.01609591210000012,0.0010544511999997397,0.0033629029000000086,0.0010023345999998767
10000,10,0.002745840700000013,0.026717923700000146,0.005455678200000147,0.003564734099999978,0.0806552366,0.01847072319999974,0.0025376623999999737,0.01682333860000007,0.0028801541999998294
100000,10,0.01609644320000001,0.24952106040000005,0.038424812300000256,0.02124962810000035,0.8514797537000003,0.18085986999999976,0.023044925799999304,0.1919704690000003,0.02106662220000004
