row_number,repeats,dropna orig,dropna old,dropna new,join orig,join old,join new,one-hot orig,one-hot old,one-hot new
1000,30,0.006702240966666828,0.01455938416666663,0.005037912033333451,0.0038289301333333486,0.021973605466666633,0.006705102600000264,0.0008213869333333197,0.003001346066666244,0.0008753196999993663
10000,30,0.0031972985333332815,0.031083132066666744,0.006071929466666503,0.003862944300000019,0.08277212956666642,0.013279100999999708,0.0022695203000001386,0.017832779133333667,0.002304067099999922
100000,30,0.01772158996666633,0.24971525883333331,0.03755845943333374,0.025195982266667253,0.7924934984333338,0.10698204560000021,0.015944478300003576,0.17607862210000083,0.017308707433333362
