row_number,repeats,dropna orig,dropna old,dropna new,join orig,join old,join new,one-hot orig,one-hot old,one-hot new
1000,10,0.0018112482000000485,0.011097204599999966,0.0035163549000000404,0.0020116041000000084,0.02780573440000005,0.04771909990000003,0.000909353899999843,0.003952093600000062,0.002063864900000212
10000,10,0.0028078413999997665,0.033254022800000005,0.0060256712000000155,0.008310610700000077,0.09498492009999975,0.12788114699999992,0.00238366670000012,0.027762967500000003,0.009206452200000293
100000,10,0.01750714050000024,0.26320112560000003,0.04189663540000162,0.022220805699999603,0.6561367139999994,0.7858151755999991,0.018321979900001395,0.18866748549999954,0.05594973870000004
1000000,10,0.15931703860000185,2.6328819549000015,0.44832694290000175,0.38118077839999953,7.146721952999999,5.0818705599,0.19090504459999807,1.810066865200008,0.619801394100034
