row_number,repeats,dropna orig,dropna old,dropna new,join orig,join old,join new,one-hot orig,one-hot old,one-hot new
1000,10,0.0035871423999765282,0.014774724499989133,0.0032904760999940665,0.0025702373999934025,0.0198890596000183,0.03050375510001686,0.0012923924999654445,0.003693538300012733,0.002154639400021097
10000,10,0.003042510599971138,0.029318316000001232,0.0069918915000016565,0.0038318250000088485,0.09395214730000134,0.14291629679999004,0.0023518600000102196,0.026464481700020314,0.007305801100005738
100000,10,0.018462058499983412,0.2884201455999687,0.041552400300020054,0.024756218999993963,0.6642580333000183,0.8276540570000179,0.01747009710002203,0.19634295919995565,0.06511132890004774
