{"county": {"class_counts": [["county1", 20], ["county4", 19], ["county3", 16], ["county2", 14]], "avg_precision": 0.45575258075258074, "avg_recall": 0.555921052631579, "avg_f1": 0.4965156794425087, "avg_accuracy": 0.5942028985507246, "weighted_precision": 0.4957240826806044, "weighted_recall": 0.5942028985507246, "weighted_f1": 0.5361813866585871, "weighted_accuracy": 0.5942028985507246, "class_precision": [0.9523809523809523, 0.4090909090909091, 0.46153846153846156, 0.0], "class_recall": [1.0, 0.47368421052631576, 0.75, 0.0], "class_f1": [0.975609756097561, 0.43902439024390244, 0.5714285714285714, 0.0], "class_accuracy": 0.5942028985507246, "num_classes": 4, "num_applicable_rows": 69, "confusion_matrix": [["county1", [["county1", 20]]], ["county4", [["county4", 9], ["county3", 9], ["county1", 1]]], ["county3", [["county3", 12], ["county4", 4]]], ["county2", [["county4", 9], ["county3", 5]]]], "precision_recall_curves": {"county1": {"precision": [1.0, 1.0, 1.0, 1.0, 1.0, 1.0, 1.0, 1.0, 1.0, 1.0, 1.0, 1.0, 1.0, 1.0, 1.0, 1.0, 1.0, 1.0, 1.0, 1.0, 1.0], "recall": [1.0, 0.95, 0.9, 0.85, 0.8, 0.75, 0.7, 0.65, 0.6, 0.55, 0.5, 0.45, 0.4, 0.35, 0.3, 0.25, 0.2, 0.15, 0.1, 0.05, 0.0], "thresholds": [0.9140728116035461, 0.9218893051147461, 0.9307432174682617, 0.9361908435821533, 0.9382664561271667, 0.9394678473472595, 0.9395670890808105, 0.9402860999107361, 0.9404553771018982, 0.9411748051643372, 0.9438369870185852, 0.945014476776123, 0.9468256235122681, 0.9470658302307129, 0.949997067451477, 0.9506372213363647, 0.9522257447242737, 0.953304648399353, 0.953866720199585, 0.9568719267845154]}, "county2": {"precision": [0.2916666666666667, 0.2765957446808511, 0.2826086956521739, 0.26666666666666666, 0.2727272727272727, 0.27906976744186046, 0.2619047619047619, 0.24390243902439024, 0.25, 0.2564102564102564, 0.2631578947368421, 0.2702702702702703, 0.2777777777777778, 0.2857142857142857, 0.29411764705882354, 0.30303030303030304, 0.3125, 0.3225806451612903, 0.3333333333333333, 0.3448275862068966, 0.35714285714285715, 0.37037037037037035, 0.34615384615384615, 0.36, 0.375, 0.34782608695652173, 0.3181818181818182, 0.2857142857142857, 0.3, 0.3157894736842105, 0.3333333333333333, 0.35294117647058826, 0.375, 0.4, 0.35714285714285715, 0.38461538461538464, 0.4166666666666667, 0.45454545454545453, 0.5, 0.4444444444444444, 0.5, 0.42857142857142855, 0.3333333333333333, 0.4, 0.5, 0.6666666666666666, 1.0, 1.0, 1.0], "recall": [1.0, 0.9285714285714286, 0.9285714285714286, 0.8571428571428571, 0.8571428571428571, 0.8571428571428571, 0.7857142857142857, 0.7142857142857143, 0.7142857142857143, 0.7142857142857143, 0.7142857142857143, 0.7142857142857143, 0.7142857142857143, 0.7142857142857143, 0.7142857142857143, 0.7142857142857143, 0.7142857142857143, 0.7142857142857143, 0.7142857142857143, 0.7142857142857143, 0.7142857142857143, 0.7142857142857143, 0.6428571428571429, 0.6428571428571429, 0.6428571428571429, 0.5714285714285714, 0.5, 0.42857142857142855, 0.42857142857142855, 0.42857142857142855, 0.42857142857142855, 0.42857142857142855, 0.42857142857142855, 0.42857142857142855, 0.35714285714285715, 0.35714285714285715, 0.35714285714285715, 0.35714285714285715, 0.35714285714285715, 0.2857142857142857, 0.2857142857142857, 0.21428571428571427, 0.14285714285714285, 0.14285714285714285, 0.14285714285714285, 0.14285714285714285, 0.14285714285714285, 0.07142857142857142, 0.0], "thresholds": [0.1578933596611023, 0.15899114310741425, 0.16595347225666046, 0.16621603071689606, 0.16719858348369598, 0.1678578108549118, 0.1696700006723404, 0.17056262493133545, 0.17997945845127106, 0.1806890070438385, 0.18595968186855316, 0.18669651448726654, 0.19350124895572662, 0.19582271575927734, 0.1965622901916504, 0.1990906000137329, 0.20233246684074402, 0.20416763424873352, 0.2122342884540558, 0.21236810088157654, 0.21479706466197968, 0.22785937786102295, 0.22819557785987854, 0.2329311966896057, 0.2376280277967453, 0.23993712663650513, 0.2422340214252472, 0.2422516793012619, 0.24231408536434174, 0.2435343861579895, 0.25394248962402344, 0.26514509320259094, 0.2742001712322235, 0.28296589851379395, 0.2839029133319855, 0.2868286669254303, 0.29200926423072815, 0.2958954870700836, 0.29991960525512695, 0.30643653869628906, 0.3067484498023987, 0.3119656443595886, 0.32739341259002686, 0.32998913526535034, 0.3305589258670807, 0.3326154351234436, 0.34095048904418945, 0.3461279571056366]}, "county4": {"precision": [0.36538461538461536, 0.35294117647058826, 0.36, 0.3673469387755102, 0.375, 0.3829787234042553, 0.391304347826087, 0.4, 0.38636363636363635, 0.3953488372093023, 0.38095238095238093, 0.3902439024390244, 0.375, 0.38461538461538464, 0.3684210526315789, 0.35135135135135137, 0.3611111111111111, 0.37142857142857144, 0.38235294117647056, 0.36363636363636365, 0.375, 0.3870967741935484, 0.4, 0.41379310344827586, 0.42857142857142855, 0.4444444444444444, 0.46153846153846156, 0.44, 0.4583333333333333, 0.43478260869565216, 0.4090909090909091, 0.42857142857142855, 0.45, 0.47368421052631576, 0.4444444444444444, 0.4117647058823529, 0.4375, 0.4666666666666667, 0.42857142857142855, 0.46153846153846156, 0.4166666666666667, 0.36363636363636365, 0.3, 0.2222222222222222, 0.125, 0.0, 0.0, 0.0, 0.0, 0.0, 0.0, 0.0, 1.0], "recall": [1.0, 0.9473684210526315, 0.9473684210526315, 0.9473684210526315, 0.9473684210526315, 0.9473684210526315, 0.9473684210526315, 0.9473684210526315, 0.8947368421052632, 0.8947368421052632, 0.8421052631578947, 0.8421052631578947, 0.7894736842105263, 0.7894736842105263, 0.7368421052631579, 0.6842105263157895, 0.6842105263157895, 0.6842105263157895, 0.6842105263157895, 0.631578947368421, 0.631578947368421, 0.631578947368421, 0.631578947368421, 0.631578947368421, 0.631578947368421, 0.631578947368421, 0.631578947368421, 0.5789473684210527, 0.5789473684210527, 0.5263157894736842, 0.47368421052631576, 0.47368421052631576, 0.47368421052631576, 0.47368421052631576, 0.42105263157894735, 0.3684210526315789, 0.3684210526315789, 0.3684210526315789, 0.3157894736842105, 0.3157894736842105, 0.2631578947368421, 0.21052631578947367, 0.15789473684210525, 0.10526315789473684, 0.05263157894736842, 0.0, 0.0, 0.0, 0.0, 0.0, 0.0, 0.0, 0.0], "thresholds": [0.03181634470820427, 0.0322551354765892, 0.03418375924229622, 0.04135137051343918, 0.18883638083934784, 0.18938356637954712, 0.19842328131198883, 0.20205757021903992, 0.20223164558410645, 0.20869669318199158, 0.20976947247982025, 0.209872767329216, 0.21001434326171875, 0.21029308438301086, 0.2130511850118637, 0.21349139511585236, 0.21434274315834045, 0.21523994207382202, 0.21726767718791962, 0.218331441283226, 0.22111491858959198, 0.22287188470363617, 0.22341792285442352, 0.22371675074100494, 0.2247380167245865, 0.22597460448741913, 0.2683609127998352, 0.2889114320278168, 0.2896389663219452, 0.29899904131889343, 0.33437496423721313, 0.3534269630908966, 0.35825493931770325, 0.38231369853019714, 0.3826020359992981, 0.3914252519607544, 0.4039296805858612, 0.416016161441803, 0.44886767864227295, 0.4490355849266052, 0.4520784616470337, 0.4584532678127289, 0.46142974495887756, 0.4643462896347046, 0.46516773104667664, 0.4697985351085663, 0.5021727681159973, 0.5032364130020142, 0.5249529480934143, 0.566508412361145, 0.5939053297042847, 0.5979323983192444]}, "county3": {"precision": [0.34782608695652173, 0.3333333333333333, 0.3409090909090909, 0.3488372093023256, 0.35714285714285715, 0.36585365853658536, 0.375, 0.38461538461538464, 0.39473684210526316, 0.40540540540540543, 0.4166666666666667, 0.42857142857142855, 0.4411764705882353, 0.42424242424242425, 0.4375, 0.41935483870967744, 0.43333333333333335, 0.4482758620689655, 0.4642857142857143, 0.48148148148148145, 0.46153846153846156, 0.48, 0.5, 0.4782608695652174, 0.5, 0.47619047619047616, 0.5, 0.5263157894736842, 0.5555555555555556, 0.5294117647058824, 0.5625, 0.5333333333333333, 0.5, 0.5384615384615384, 0.5, 0.5454545454545454, 0.6, 0.5555555555555556, 0.625, 0.5714285714285714, 0.6666666666666666, 0.8, 0.75, 1.0, 1.0, 1.0, 1.0],